,title
0,[넘버스]삼성전자 주가 1000원=패밀리 상속세 1500억
1,"배터리 1위 전략 '첫 단추' LG화학, 주가 하락 우려에도 자신감 드러낸 이유"
2,“모더나 백신 전 세계 출시 준비”…주가 8.4% 급등
3,보름만에 제자리로 돌아온 빅히트 주가…공모가와 7000원 차이
4,"LG화학, '배터리 사업 분사' 결정에 주가 약세 지속"
5,"LG화학 주주 82% ""배터리 분할 찬성""… 주가는 4%대 약세"
6,"넷플릭스, 미국서 월 구독료 인상…매출 확대 전망에 주가↑"
7,“너무 떨어졌는데?”…빅히트 주가 급락 들여다본다
8,‘배터리 법인 분할’ 소식에…LG화학 주가 62만원대로 ‘뚝’ ↓
9,"LG화학 주총서 전지부문 물적분할 확정, 주가 하락세"
10,"단 100원 차이에 세금 150억, 삼성전자 주가 발목잡는 상속세"
11,대선 앞두고 이런 美업체들 주가가 오르고 있다
12,배터리사업 떼어낸 LG화학 주가 6% 급락…뿔났던 개인은 샀다
13,애플 '기대이하 아이폰 매출' 발표 후 亞 협력업체 주가 하락
14,페이스북·아마존·구글 주가 '방긋'…3분기 양호한 성적표
15,"LG화학 주총서 전지부문 물적분할 확정, 주가 하락세"
16,"애플, 3Q 실적 어닝서프라이즈 불구...주가는 하락"
17,"배터리 떼내는 LG화학, 주가 2%대 하락"
18,"LG화학 배터리 분사안 통과될까, 주가는 하락세"
19,"삼성엔지니어링 주가 장중 뛰어, 멕시코에서 대형 정유 프로젝트 수주"
20,"한샘 주가 초반 급락, 유령회사 통한 비자금 조성 의혹 불거져"
21,"""그렇게 좋다는데 주가 왜 빠지나"" LG화학 대답은"
22,"삼성엔지니어링 4조원대 프로젝트 수주, 창사이래 최대...주가도 '들썩'"
23,"[fn종목 돋보기] 필로시스헬스케어, 고점 찍자 수백억대 CB 물량..주가 급락에 주주 혼란"
24,"요즘 주가 왜 안 오를까...""조정 장세 내년 봄까지 갈수도"" [부터뷰]"
25,LG화학 배터리 물적분할 주총 통과…주가 3%대↓ 낙폭 확대
26,배터리 떨어져 나가자···LG화학 주가 6% 빠져
27,‘이재용 부회장 경영 본격화’ 삼성 계열사 주가 강세
28,"위드텍 코스닥 상장 첫 날 주가 초반 뛰어, 공모가 크게 웃돌아"
29,"애플, 아이폰 판매 부진해 주가 하락···한국선 인기"
30,실망감 반영 주가 3%대 ↓…證 “반등”
31,"[특징주] ""LG화학 분할되나""…주총 앞두고 주가 '약세'"
32,"빅히트, 보호예수 풀리자 주가 와르르…'최저가' 기록"
33,‘개미지옥’ 된 빅히트… 주가 보름만에 -60%
34,빅히트엔터테인먼트 주가가 15만원이 무너졌다
35,"대주주 '매도 폭탄'에 빅히트 주가 '와르르'‥ 거래소, 불공정거래 여부 조사"
36,"[베타 투자리포트] NAVER, 주가의 key는 '라인-야후' 합작법인"
37,"LG화학, 개미 반발에도 배터리 분사…주가 6% 넘게 급락"
38,‘빚투’ 주가 하락하면 어쩌나…‘반대매매’ 9조 살얼음판
39,"[클릭 e종목]""지누스, 리스크 해소…주가 반등 가속화"""
40,"잘나가던 LG화학, 주가 주춤"
41,"애플, '기대이상' 실적에도 한중일 부품공급사 주가는 줄줄이 하락"
42,"'주가 미끄덩' 삼성전자…담을까, 던질까"
43,"미국 주간주가, 3월이래 최대 급락"
44,"아마존 3분기 매출 37% 증가, 예상치 상회...마감 후 주가 2% 반락"
45,배당확대-지분 매각 기대감에…삼성그룹 계열사 주가 요동
46,"GS홈쇼핑, 수익성 개선세에도 주가 극심한 저평가…목표가↑-KB"
47,"""이재용이 그룹 핵심"" 삼성물산 주가 13.46% 급등"
48,상장사 지위 희미한 공기업株···해마다 주가 부진
49,"DBC·FSN, 美 회사에 피인수 소식에 주가 ‘好好’"
50,니오 주가 16% 넘게 급등…투자자들 '어리둥절'
51,삼성물산 주가 13% 급등.. 상속세 위해 배당확대 기대감 반영
52,"페이스북·애플 등 美 빅테크, 실적 호조에도 주가 일제히 하락"
53,"[이건희 별세] '국민주'된 삼성전자 주가 향방은?…""영향 제한"""
54,주가 반 토막에 공모가 거품 논란
55,"비트코인 1500만 원대 공방, 가상화폐 시세와 테마기업 주가 '하락'"
56,"""삼성물산, 이건희 회장 타계로 중요도↑""…주가 급등"
57,"삼성SDI 주가 장중 상승, 현대차의 배터리 공급사 입찰 참여 가능성"
58,"대우건설 목표주가 상향, ""자체사업 분양 기대되고 베트남에서 회복"""
59,"LG화학 주가, 국민연금의 '배터리 분사 반대'에 상승 마감"
60,"[이건희 별세] 삼성전자로 본 경영성적…주가 50배, 시총 500배↑"
61,주가 조작해 4억5천만원 챙긴 증권사 관계자 구속
62,"KB증권 “네이버, 매출 고성장 지속…목표주가↑”"
63,"빅히트 주가, 상장 보름 만에 공모가 수준으로 추락"
64,[경제쏙] 빅히트 주가 하락세 언제 멈추나?
65,"애플 · 아마존 · 페이스북, '주가 급락'...미국증시 '강타'"
66,[美대선 돋보기] 독특한 선거인단 제도…경합 주가 승패 가른다
67,상속·지배구조 이슈 속 혼돈 빠진 ‘삼성그룹주’...주가 향방은?
68,[표]유럽 주요기업 주가(10/29)
69,"""아모레퍼시픽, 코로나 벗어날 때까진 시간 소요…주가는 이미 바닥"""
70,코로나19 치료제 개발 국내 기업 관심↑…주가 향방은?
71,"삼성전자 SK하이닉스 주가 2%대 나란히 하락, 개인 팔고 외국인 사"
72,"거래소, '주가 급락' 빅히트 이상거래 여부 살핀다"
73,'2차 봉쇄' 들어가는 유럽 국가들…유가 · 주가 급락해
74,[이건희 회장 별세] 삼성전자 주가 전망 어떨까?
75,[특징주] ITC 판결 앞두고 LG화학·SK이노 주가 동반 하락(종합)
76,"""카겜·크래프톤 주가에 흥행 달렸다""… 신작 '엘리온'에 쏠리는 눈"
77,美 대선 바이든 강세에 총기·대마초 주가 뛰는 이유는?
78,4400억 시총이 356조 됐다···삼성 주가로 본 '이건희 시대'
79,아마존 3분기 매출 37% 늘어났지만…주가는 '하락세'
80,"[카운트머니] BTS에 ‘올인’했는데 주가 ‘뚝’…빅히트, 이대로 괜찮을까"
81,"카카오 주가 상승 예상, ""모빌리티 성장 포함 신사업 수익성 좋아져"""
82,<뉴욕마켓워치> 美대선 불확실성·코로나 우려…주가.국채↓달러↑
83,"모더나 ""백신 전세계 출시 준비"" 주가 '껑충'… 국내 관련주 '주목'"
84,"[특징주]""낙연이형 주가가 왜 이래""…삼부토건 장 초반 '급락'"
85,"4대 금융지주 비은행 실적 ""살아있네""…주가에 한몫"
86,"만도 목표주가 높아져, ""실적개선 요인 많고 구조조정 효과도 예상"""
87,"[김대성의 종목분석] 삼성물산, 주가 급등후 계속 하락하는 이유?"
88,[종합] 미국 메가테크 실적에 투자자 '불합격' 평가…주가지수선물 하락
89,[뉴스큐] 故 이건희 회장 원불교식 입관식 엄수...삼성물산 주가 급등
90,[오늘의 목표주가]아모레퍼시픽·GS홈쇼핑·JB금융지주 ‘실적 모멘텀’...눈높이 ‘UP’
91,부양책 없는데 재봉쇄는 시작…그럼 주가는?
92,<뉴욕마켓워치> 美 GDP 호조·코로나 우려…주가↑국채↓달러↑
93,빅테크 견제에 웃은 '핀터레스트'...매출도 주가도 '급등'
94,[Invest]분사·수주·실적 소식에 따로 가는 배터리 3사 주가
95,"수젠텍, 주가 훈풍부나…코로나19·인플루엔자 신속진단키트 식약처 수출승인"
96,"[뉴욕증시] 넷플릭스, 표준과 프리미엄 요금제 가격인상으로 주가 4% 상승"
97,"타이어3사 리더십, 금호·넥센 '무풍' 한국 '폭풍'...주가는?"
98,"데일리블록체인 주가 초반 상한가 달려, 미국 IT기업에 인수돼"
99,"[초점] 여자친구·BTS·세븐틴까지…빅히트, 주가 하락 멈출 아이템 있나"
100,"""삼성물산, 이건희 회장 타계로 중요도↑""…주가 급등"
101,"삼성SDI 주가 장중 상승, 현대차의 배터리 공급사 입찰 참여 가능성"
102,"대우건설 목표주가 상향, ""자체사업 분양 기대되고 베트남에서 회복"""
103,"LG화학 주가, 국민연금의 '배터리 분사 반대'에 상승 마감"
104,"""전날 거래량 20배, 주가 17% 급등""…삼성물산 왜 오르나?"
105,"[이건희 별세] 삼성전자로 본 경영성적…주가 50배, 시총 500배↑"
106,주가 조작해 4억5천만원 챙긴 증권사 관계자 구속
107,"KB증권 “네이버, 매출 고성장 지속…목표주가↑”"
108,"빅히트 주가, 상장 보름 만에 공모가 수준으로 추락"
109,[경제쏙] 빅히트 주가 하락세 언제 멈추나?
110,[경제쏙] 빅히트 주가 하락세 언제 멈추나?
111,"애플 · 아마존 · 페이스북, '주가 급락'...미국증시 '강타'"
112,[美대선 돋보기] 독특한 선거인단 제도…경합 주가 승패 가른다
113,상속·지배구조 이슈 속 혼돈 빠진 ‘삼성그룹주’...주가 향방은?
114,[표]미국 주요기업 주가(10/30)
115,‘뉴 삼성’ 지배구조 개편 앞두고 삼성물산 주가 급등
116,"""아모레퍼시픽, 코로나 벗어날 때까진 시간 소요…주가는 이미 바닥"""
117,코로나19 치료제 개발 국내 기업 관심↑…주가 향방은?
118,‘포스트 이건희’ 첫날 삼성물산 주가 13.5% 뛰었다
119,"삼성전자 SK하이닉스 주가 2%대 나란히 하락, 개인 팔고 외국인 사"
120,"삼성전자 SK하이닉스 주가 2%대 나란히 하락, 개인 팔고 외국인 사"
121,"거래소, '주가 급락' 빅히트 이상거래 여부 살핀다"
122,'이재용 최대 주주' 삼성물산 주가 13%↑…어떤 이유?
123,'2차 봉쇄' 들어가는 유럽 국가들…유가 · 주가 급락해
124,[이건희 회장 별세] 삼성전자 주가 전망 어떨까?
125,[특징주] ITC 판결 앞두고 LG화학·SK이노 주가 동반 하락(종합)
126,이건희 회장 별세…삼성물산 주가 13.46% 급등 이유
127,빅히트 주가 10% '폭락' ...보호예수 풀리자 '최저가' 직행
128,물산·SDS 뛰고 바이오·SDI 내려…요동친 삼성그룹 주가 왜
129,이건희 회장 별세 뒤 삼성전자 주가 향방은? “영향 크지 않을 듯”
130,"""카겜·크래프톤 주가에 흥행 달렸다""… 신작 '엘리온'에 쏠리는 눈"
131,"빅히트 주가, 공모가 코앞 `털썩`"
132,美 대선 바이든 강세에 총기·대마초 주가 뛰는 이유는?
133,"'이재용 최대 주주' 삼성물산 주가 급등…""핵심 역할 기대"""
134,"'이건희 별세' 삼성전자 주가 영향은…중립적, JY에 달려"
135,4400억 시총이 356조 됐다···삼성 주가로 본 '이건희 시대'
136,아마존 3분기 매출 37% 늘어났지만…주가는 '하락세'
137,"[카운트머니] BTS에 ‘올인’했는데 주가 ‘뚝’…빅히트, 이대로 괜찮을까"
138,"카카오 주가 상승 예상, ""모빌리티 성장 포함 신사업 수익성 좋아져"""
139,<뉴욕마켓워치> 美대선 불확실성·코로나 우려…주가.국채↓달러↑
140,"모더나 ""백신 전세계 출시 준비"" 주가 '껑충'… 국내 관련주 '주목'"
141,"[특징주]""낙연이형 주가가 왜 이래""…삼부토건 장 초반 '급락'"
142,"4대 금융지주 비은행 실적 ""살아있네""…주가에 한몫"
143,"LG화학, 배터리 법인 분할 결정...주가 하락 후 소폭 회복세"
144,[이건희 별세] 상속 이슈 속 엇갈린 계열사 주가
145,"한샘, 불법 비자금 조성 의혹 부인... ""사실 아냐"" 하지만 주가는 하락세"
146,"만도 목표주가 높아져, ""실적개선 요인 많고 구조조정 효과도 예상"""
147,"[김대성의 종목분석] 삼성물산, 주가 급등후 계속 하락하는 이유?"
148,[종합] 미국 메가테크 실적에 투자자 '불합격' 평가…주가지수선물 하락
149,[뉴스큐] 故 이건희 회장 원불교식 입관식 엄수...삼성물산 주가 급등
150,삼성물산 주가 13.46% 급등…지배구조 개편 관심
151,[오늘의 목표주가]아모레퍼시픽·GS홈쇼핑·JB금융지주 ‘실적 모멘텀’...눈높이 ‘UP’
152,부양책 없는데 재봉쇄는 시작…그럼 주가는?
153,<뉴욕마켓워치> 美 GDP 호조·코로나 우려…주가↑국채↓달러↑
154,빅테크 견제에 웃은 '핀터레스트'...매출도 주가도 '급등'
155,[Invest]분사·수주·실적 소식에 따로 가는 배터리 3사 주가
156,"수젠텍, 주가 훈풍부나…코로나19·인플루엔자 신속진단키트 식약처 수출승인"
157,"[뉴욕증시] 넷플릭스, 표준과 프리미엄 요금제 가격인상으로 주가 4% 상승"
158,삼성전자·SDS 산 外人…주가 오른 물산·생명은 팔았다
159,"타이어3사 리더십, 금호·넥센 '무풍' 한국 '폭풍'...주가는?"
160,"데일리블록체인 주가 초반 상한가 달려, 미국 IT기업에 인수돼"
161,"[초점] 여자친구·BTS·세븐틴까지…빅히트, 주가 하락 멈출 아이템 있나"
162,"유한양행 목표주가 상향, “기술수출 단계별 수수료로 실적 좋아져”"
163,"'호재 만발'에도 웃지 못한 삼성전자·물산·SDS 주가, 왜?"
164,"모더나, 코로나19 백신 전 세계 출시 준비 소식에 주가 8.4% 급등"
165,"삼성SDI, 배터리 호조 ‘깜짝실적’에 주가도 강세"
166,"DB금투 “DGB금융, 내년 이후 실적 상향 조정…목표주가↑”"
167,아모레퍼시픽 효율화 성공···주가도 볕들까
168,'주총 D-2' LG화학 물적분할 표대결 주목…주가 향방은
169,애플·알파벳·아마존·페이스북 실적 발표...시간외 주가 흐름은? [글로벌 이슈투데이]
170,"LG화학, 12월초 100%자회사 'LG에너지솔루션'에 배터리사업 맡긴다…""LG화학 주가 디스카운트 불가피"" 오늘 주가도 6%대 급락"
171,"NH투자증권, 4Q 고수익 지속 전망…주가 탄력 기대감"
172,"[특징주] 삼성전자, 사상 최대 분기실적에도 주가 약세"
173,'주총 D-day' LG화학 배터리 분사 할까…주가는 '긍정적'
174,"키움증권 ""만도, 실적개선 본격화 기대…목표주가 ↑"""
175,"[이건희 별세] 삼성전자로 본 경영성적…주가 50배, 시총 500배↑"
176,‘닥터둠’ 루비니 “대선 결과 분쟁 늘어지면 주가 10% 하락”
177,"거래소, ""리딩방 주가 조작 등 불공정주문 종목 현재 197개"""
178,'이재용 최대 주주' 삼성물산 주가 급등…그 배경은?
179,빅히트 주가 하락 원인은 4대주주의 물량 폭탄
180,빅히트 주가 하락 원인은 4대주주의 물량 폭탄
181,지배구조 개편 기대감…삼성물산·SDS·생명 주가 ‘급등’
182,"비트코인 1480만 원대로 밀려, 가상화폐 시세와 테마기업 주가 '하락'"
183,[일문일답] KT구현모 “내년 빅딜 쏟아진다”…주가 기대감
184,"포스코, 3분기 흑자 전환…주가 5% 급등"
185,"애플·아마존 예상 웃돈 실적에도 주가 폭락…""월가 열광시키지 못해"""
186,"GS홈쇼핑, 코로나19로 영업환경 개선…주가 저평가 상태-KB"
187,"더블유게임즈 주가 상승 전망, ""4분기 매출 41% 영업이익 51% 증가"""
188,"[특징주] ""국민연금, 물적분할 반대""...LG화학 주가 소폭 상승"
189,"삼성전자, 역대 최대 매출에도 주가 1.2%↓"
190,"디앤씨미디어 주가 상승 가능, ""카카오페이지에 콘텐츠 공급 안정적"""
191,"[EBN 오늘(30일) 이슈 종합] '주가 미끄덩' 삼성전자, 당분간 MBN 못본다 등"
192,"이건희 회장 별세 다음날, 삼성 주가 급등"
193,"GE, 3분기 실적 호조에 주가 4% 넘게 급등"
194,"[특징주] 빅히트, 주가 급락 관련 '대대주 불공정거래 조사' 소식에 약세"
195,삼성전자 지배구조 핵심 연결고리 물산·생명 주가↑
196,빅히트 '장중 주가 급락' 속...BTS 관련주 · 엔터주 '장중 비실'
197,[표]주가지수선물 투자자별 매매동향(10/30)
198,[표]거래소 주가지수선물·옵션시세표(10/30)
199,페이스북 3분기 매출 24조원...올들어 페이스북 주가 36.8% 상승
200,"""스스로 안전하게 좌회전"" 테슬라 차주가 공개한 완전자율주행"
201,"SK머티리얼즈 주가 상승 예상, ""SK하이닉스의 인텔 낸드 인수에 수혜"""
202,"인텔 낸드 10조에 품은 SK하이닉스, 주가는 '파란불' 왜"
203,"'돌아온 불청객' 미세먼지에…""주가도 들썩인다"" [이슈+]"
204,"빅히트 주가하락 주범, 4대 주주 '메인스톤'은 누구"
205,미국서 요금 올린 넷플릭스…매출 증가 기대에 주가 상승
206,"바이브컴퍼니 코스닥 상장 첫 날 초반 주가 하락, 공모가보다는 웃돌아"
207,'이재용 1대주주' 삼성물산 급등...삼성그룹 주가 상승
208,"""LG전자, 원화강세는 주가 상승 요인""-KB증권"
209,"LG화학, 국민연금 '배터리' 분할 반대에도 주가 상승마감"
210,'이재용 1대주주' 삼성물산 급등...삼성그룹 주가 상승
211,"""이건희 회장 별세 이후 삼성계열사 주가 강세""-CNBC"
212,"메디톡스 주가 급등 대웅제약 급락, 미국 보툴리눔 균주소송 영향"
213,"GS홈쇼핑 목표주가 높아져, ""비대면소비 늘어 실적호조 이어가"""
214,삼성물산 주가 13% 급등…‘실질적 지주사 역할 유지’ 기대 반영
215,"'대장주' 삼성 주가, 당장은 덤덤하지만 지배구조 판 바뀌면..."
216,"미 주가지수 선물, 아시아 거래서 1% 반등...다우 292p ↑"
217,[뉴욕 실적] 답답한데 바이크?…주가 22% 급등한 할리
218,"[이종목 버핏이라면] 퓨처스트림네트웍스, PSI 인터내셔널 인수 소식에 주가 급등"
219,'깜짝 실적' 삼성SDI 4분기 기대감도↑…주가 다시 달리나
220,본격 '이재용 시대' 개막...삼성물산·물산우B 주가 고공행진
221,'깜짝 실적' 삼성SDI 4분기 기대감도↑…주가 다시 달리나
222,[표]유럽 주요기업 주가(10/29)
223,"[오늘의 목표주가]삼성전기, 이녹스첨단소재, 현대차 등 'UP'"
224,삼성그룹 주가 등락이 가리키는 '삼성 지배구조' 재편 방향은
225,삼성 주가 변동성 미미할 듯
226,"빅히트 주가, 왜 추락하나"
227,"제일약품, 화이자 코로나 백신 개발 기대감에 주가 급등"
228,"삼성SDS 주가 '이재용 주식'으로 5%대 상승, 삼성SDI 삼성전기 하락"
229,[이건희 회장 별세]그룹주 재평가…“계열사 이해관계 따라 주가 출렁”
230,[이건희 회장 별세]그룹주 재평가…“계열사 이해관계 따라 주가 출렁”
231,"[종합] 니콜라, GM 신뢰 덕에 주가 7% 폭등"
232,하루새 20% 껑충…삼성물산·SDS·생명 주가 급등
233,"[이건희 별세] 삼성전자로 본 경영성적…주가 50배, 시총 500배↑(종합)"
234,"꿈, 숫자가 되다...PDR로 본 BBIG 주가"
235,"미코바이오메드 수젠텍 주가 장중 뛰어, 코로나19 재확산 영향"
236,"트위터, 3분기 순익 시장예상 하회…주가 시간외서 16% 급락"
237,"삼성물산 주가 초반 뛰어, 이건희 타계로 삼성그룹 내 위상 부각"
238,"[더밸류 리서치] DMS, 최근 1주일간 목표주가 괴리율 1위. 왜?"
239,"삼성바이오로직스 주가 급등, 셀트리온3사 상승 SK바이오팜 하락"
240,공모가에 다가선 빅히트 주가… 여전히 엇갈리는 전망
241,"삼성전자 SK하이닉스 주가 1%대 동반하락, 외국인 투자심리 위축"
242,"아시아증시, 미국 주가지수 선물 부진에 일제히 하락"
243,"OCI 목표주가 높아져, ""폴리실리콘 구조적 흑자전환 3분기에 확인"""
244,[속보] 모더나 백신 잘 준비되고 있다는 소식에 주가 8.4% 급등
245,"이지바이오 주가 초반 급등, 보통주 1주당 2주 배정 무상증자 결정"
246,"미 정부, 구글에 반독점소송…주가는 올랐다 왜"
247,"알파벳, 3분기실적 시장예상 상회…주가 시간외서 8% 상승"
248,BNK금융지주 주가 더 오르나…저평가 해소 기대
249,"한화투자 ""SK머티리얼즈, 연말 주가 반등 예상"""
250,"빅히트 주가, 모처럼 4%대 상승세...후속 그룹들 활동 예고에 따른 기대감?"
251,은행株 3분기 깜짝 실적…주가 전망은
252,"제일약품 제일파마홀딩스 주가 초반 급등, 화이자와 협력관계 부각"
253,'삼성지배구조株' 삼성물산·삼성생명 주가급등
254,'더블딥 공포'로 미국-유럽 주가 동반폭락
255,"이건희 타계, 삼성전자 주가에 미치는 영향은?"
256,[특징주]삼성물산 주가 장중 19% 급등
257,"삼성전자, 미뤄진 환원정책...""주가상승 동력 4Q 이후"" -삼성증권"
258,[이번주 증권가] 빅히트 공모가 수준으로 주가 하락…LG화학 배터리 분야 분사 확정
259,"NH투자증권 목표주가 상향, ""옵티머스 우려 넘고 실적호조 이어가"""
260,"대웅제약 · 대웅, '장중 주가 급락'...무슨 일?"
261,'포스트 이건희' 첫날…지배구조 핵심 삼성물산 주가 14% 급등
262,"SK하이닉스, 인텔 낸드 인수 발표에 주가는 하락(종합2보)"
263,"[특징주]""독감 백신 문제 아니다""...독감 백신 제조사 주가 강세"
264,"“코로나19 백신 전세계 출시 준비” 모더나, 주가 급등…국내 관련주 ‘주목’"
265,"'그것이 알고싶다', 이명박-BBK 주가조작 사건 재조명...비밀문서 공개"
266,"""상속세만 10조원""…삼성물산·전자·생명 주가 '방긋' [이슈+]"
267,"기아차 매섭게 담는 기관, 주가 10% 껑충…""8만5000원 간다"""
268,"삼성전자, 주가 부양 딜레마…지배구조 불확실성에 ‘저평가’ 지속되나"
269,"[뉴욕증시] GE, 실적 개선에 주가 4% 넘게 폭등"
270,빅히트 대주주들 매도에 주가 '반토막'…어떻게 생각하십니까
271,"현대모비스, 3Q 영업익 컨센서스 상회…목표주가 '상향'-신한"
272,삼성물산·생명·SDS 등 주가 강세 ... 이재용 중심 지배구조 개편 가속화
273,"신한지주 주가 초반 상승, 비은행 호조로 3분기 순이익 1조 달성"
274,"삼성엔지니어링, 비우호적 환경 지속... 주가 회복 기대↓ [한화투자증권]"
275,"[단독] 빅히트 임원 출신 4명, '주가 폭락' 이끈 사모펀드 운용사 관여"
276,트와이스 덕 800% 오른 주가…'니쥬'로 한 번 더?
277,레이시언 주가 7.4% 급락…미 법무부·SEC 회계·뒷거래 조사
278,"이건희 회장 떠난 삼성전자…""배당 늘며 주가 오를것"""
279,'이건희 별세' 삼성그룹 주가 향방은
280,"넥슨, 일본 '닛케이 225' 주가지수 편입…주가 16% 급등"
281,회장 별세 뒤 차분한 사내 분위기...지배구조 변화 예상에 주가는 '출렁'
282,"할리데이비슨, 3Q 실적 서프라이즈에 주가 22% '폭주'"
283,"애플, 실적 예상 소폭 상회·가이던스 부재…주가 시간외 급락"
284,"청담러닝, 주가안정 위해 자사주 전량 이익소각하기로"
285,"[클릭 e종목]""삼성SDI, 자동차전지 흑자전환 기대…주가 우상향 전망"""
286,"FT ""BTS 소속사 빅히트 주가 더 떨어질 것"""
287,美·유럽 ‘2차 펜데믹’ 가속화…더블딥 공포에 주가 급락
288,[그래픽] 삼성 관련 그룹주 주가 상승률
289,배터리 판결 연기에 LG화학↓ SK이노↑ 엇갈린 주가
290,그룹 내부 온라인 추모글 2만 건...지배구조 변화 예상에 주가 '출렁'
291,"[뉴욕 실적] ""비용절감 성공"" 깜짝 실적 낸 GE 주가 급등"
292,"한화 목표주가 높아져, ""방산부문 회복하고 한화솔루션 가치도 상승"""
293,"넥슨, 일본 닛케이 225 주가지수 편입"
294,[이건희 별세] 27년 창조경영…주가 50배·시총 500배 신화
295,"악재 뚫고 달리는 기아차, 주가도 급등"
296,"""웰컴 이재용"" 삼성물산, 주가 16% 급등…삼성SDS도 8% '껑충'"
297,"[뉴욕 실적] 3M, 매출 4.5% 늘었지만 주가 급락"
298,이건희 회장 타계…호텔신라 주가 상승하는 까닭은?
299,"LG하우시스 목표주가 높아져, ""고수익 단열재 생산라인에 더 투자"""
300,"골프존 목표주가 상향, ""골프 레저화 안착으로 성장에 탄력붙어"""
301,"[이종목 버핏이라면] 이재용 시대, 삼성엔지니어링 4.5조원 대규모 수주에 ‘주가 급등’"
302,주목받는 삼성바이오..주가 전망은
303,미국·유럽 ‘코로나 확산세’에 유가·주가 동반 급락
304,삼성 계열사 주가 일제히 상승…삼성물산우B는 상한가
305,"""다시보자 리츠"" 팬데믹 충격딛고 주가상승"
306,“대선뒤 분쟁 늘어지면 주가 10% 하락” 닥터둠 루비니의 경고
307,주요주주 매도폭탄에 '반토막' 빅히트…주가 추락 언제까지?
308,"GS리테일, 내년부터 실적 개선 가능…목표주가 '유지'-현대차"
309,'빅히트' 주가 바닥?…보호예수 풀리는 주식 '변수'
310,"스튜디오드래곤 주가 상승 예상, ""네이버 제휴로 콘텐츠 경쟁력 강화"""
311,"넥슨, 일본 증시 대표지수 닛케이225 편입…주가 17% 급등"
312,"[이건희 별세] 사망설 돌 때마다 출렁이던 삼성 주가... ""이번엔 영향 제한적"""
313,"아남전자 주가 초반 급등, 삼성전자의 하만에 납품 주목받아"
314,"FDA, 렘데시비르 코로나 치료제 공식 승인…주가 급등(상보)"
315,그룹 내부 온라인 추모글 2만 건 육박...지배구조 변화 예상에 주가 '출렁'
316,"오일메이저 BP, '나름 깜짝실적'에도 주가 하락 이유는"
317,LG화학 배터리 사업 분할 확정 소식에 주가도 출렁…12월 '에너지솔루션' 출범
318,[뉴욕증시] 주가 강세를 보이고 있는 전기차 기업 'NIO' 추가 상승 가능할까?
319,‘뉴 삼성’ 주가 ‘요동’…시나리오에 일희일비 말아야
320,"현대제철 목표주가 상향, ""철강제품 인상효과로 4분기 수익성 개선"""
321,[오늘의 목표주가] 휴젤 보툴리늄톡신 중국 판매 승인···기대치 15%↑
322,"대한유화 목표주가 높아져, “중국경제 회복으로 주력제품 수출 늘어”"
323,[경제픽쓰리] ‘포스트 이건희’ 지배 구조는? 주가 동향도 관심
324,"에쓰오일 목표주가 낮아져, ""정유와 석유화학 개선은 내년에나 기대"""
325,"카카오게임즈·크래프톤, '엘리온' 12월10일 출시…주가 향방 결정"
326,"UBS ""코로나19 주가 하락 지속 안해…내년 6월 S&P500 3,700"""
327,"""미 대선 끝나도 주가 방향 안 바뀔 것""-SK"
328,[이건희 타계] 27년간 주가 50배·시가총액 500배 급증
329,"넥슨, 日 '닛케이 225' 주가지수 편입"
330,"[특징주] 한샘, '유령회사에 40억 지급' 보도에 주가 10만원선 붕괴"
331,美기업 실적은 좋은데 주가는 2.29%↓…정치+코로나 합작품
332,"SK케미칼 주가 초반 올라, 위탁생산 계약한 코로나19 백신 임상 성과"
333,[이건희 별세] 삼성 지배구조 격랑 예고…주요 계열사 주가는 상승
334,"[특명! 주가를 올려라] ② 경상이익 1조 신한금융, 은행주 탑픽 노린다"
335,"네이버 목표주가 올라, ""CJ그룹 제휴로 쇼핑과 콘텐츠 강화, 강력매수"""
336,주가지수- 2020년 10월 29일
337,"[특징주]LG화학, 배터리사업 분할 무산될까…국민연금 반대에 주가 ↑"
338,삼성 그룹주 영향은?…'빅히트' 주가하락 어디까지
339,"더블유게임즈, 영업이익 31% 증가에도 주가 4% 약세"
340,"""삼성전자, 내년 반도체 업황 기대감에 주가도 상승 전망"" [신한금융투자]"
341,삼성물산 주가 13% 급등...삼성그룹주 일제히 올라
342,"키움증권 ""3분기 호실적 기아차, 4분기도 회복 지속"" 목표주가 ↑"
343,"셀트리온 주가 상승 전망, ""램시마SC와 트룩시마 시장점유율 확대"""
344,"[2020U리그] 마지막 대학무대 치르는 오재현, 드래프트 앞두고 주가 높인다"
345,"이낙연 대표 동생, 사장 취임 소식에...삼부토건 주가 상승세"
346,박진영 아이돌 기획력에 베팅…'니쥬'와 함께 오르는 JYP 주가[개관종]
347,이건희 회장 별세 후 삼성그룹주 '들썩'…주가 추이는?
348,"전문가 ""이재용 체제 정착… 삼성전자 주가 영향 제한적"""
349,"미 법원, 위챗 금지 요청 기각…모기업 텐센트 주가 4% 급등"
350,[이건희 별세]11조원 어떻게 마련하나…배당 기대감에 삼성 주가 '들썩'
351,10조 투자는 부담?…'낸드 세계2위' 불구 SK하이닉스 주가↓
352,알파벳은 왜 반독점 기소에도 주가가 올랐나···구글 소송의 모든 것 [김영필의 3분 월스트리트]
353,"SK하이닉스, 인텔 낸드 10조원 인수자금 부담에 주가 '파란불'"
354,"데일리블록체인, 전날 상한가 이어 16% 급등…주가 고공행진"
355,"LG화학 주총, 외인·전자투표 표심 어디로...주가는 찔끔 상승"
356,"비트코인 1530만 원대 유지, 가상화폐 '하락' 테마기업 주가 '상승'"
357,이건희 회장 타계…삼성그룹주 주가엔 어떤 영향 줄까
358,"'플레디스' 품은 '빅히트', 고꾸라진 주가 반등 가능할까?"
359,[이건희 별세] 증권사별 삼성 주요 계열사 주가 전망
360,"[환율마감] 원·달러 열흘만 최고, 주가급락+외인 주식투매+위안화반등"
361,"""운임 과하다"" 논란 속 치솟는 HMM 주가… 3조 들고 있는 국책은행은 언제 팔까"
362,中 경기회복 수혜…'명품 패딩' 캐나다구스 주가 '따뜻'
363,"오성첨단소재, 3거래일만에 하락세로…지지부진한 주가"
364,"LG화학, 국민연금 배터리부문 물적분할 반대결정...주가 소폭 오름세"
365,이건희 시대에 '주가 50배·시총 500배' 뛴 삼성전자 [이건희 별세]
366,"3분기 실적 발표 속...아모레퍼시픽, '장중 주가 급등'"
367,"넥슨, 日 '닛케이 225' 주가지수 편입"
368,"[뉴욕증시] 아마존, 막대한 코로나 비용과 매출 불확실성에 주가 하락"
369,이건희 회장 별세에도 삼성물산 주가는 급등
370,10조원 규모 M&A 후 주가 부진한 SK하이닉스 왜?
371,"포스코, 한 분기 만에 흑자 전환…주가 5%대 상승 마감"
372,"[투자의窓] 내달 16일 강제소각 쌍용양회우 상장폐지 앞두고 폭탄돌리기, 최근 3일간 주가 2배 가량 올라"
373,"[IB토마토]청담러닝, 주가안정 위해 자사주 전량 소각…EV 상승효과 기대"
374,"기아차 목표주가 상향, “신차효과로 4분기부터 수익성 개선 본격화"""
375,"삼성물산 우선주 주가 초반 뛰어, 상속세 위해 배당확대 기대 퍼져"
376,"“더블유게임즈, DDI의 재상장 프로세스 개시가 주가 반전의 시발점이 될 전망”"
377,"빅히트 주가 급락에 청원까지…""공모가격 수상해요"""
378,尹 부인은 ‘보험용’ 뇌물… 장모는 주가 조작 의혹
379,어느덧 부활한 공모리츠 주가···추가 공모리츠 상장 이어지나
380,"삼성물산, 이건희 회장 타계로 주가 급등"
381,"""현대차, 주가 상승 여력 높다"" -현대차증권"
382,"박셀바이오 주가 장중 뛰어, 간암치료제 임상성과 기대 지속"
383,美 대선 이후 주가 상승 지속될까
384,"3분기 실적 시즌, '바이오양돈기업' 순익 급증 주가 껑충"
385,'1조 품질비용' 기아차 10% 급등...주가 58개월만에 최고
386,"[특징주]현대·기아차, 충당금 제외하면 '깜짝 실적'...주가 급등세"
387,주가 반토막 난 '빅히트'에 개미 1160억대 손실
388,"KTB증권 ""아모레퍼시픽, 해외 실적 개선에 주가 우상향 흐름"""
389,"""10조원은 좀 비싸다"" SK하이닉스 이틀째 주가 뚝, 뚝"
390,"박셀바이오 주가 장중 대폭 올라, 간암치료제 임상결과 기대받아"
391,"[베타 투자리포트] 아모레퍼시픽, 단기 주가 기지개...투자의견 매수 유지"
392,추락하는 삼성전자 주가...이재용 '웃고' 동학개미 '울고'
393,"브라질서 사망자 발생, 아스트라제네카 주가 '롤러코스터'"
394,"현대·기아차 주가 급제동…조단위 영업익, 적자 돌변"
395,화이자 “코로나19 백신 막바지”…관련주 삼성바이오로직스·제일약품 주가 상승
396,[표]주가지수선물 투자자별 매매동향(10/29)
397,"""고려아연, 3Q 실적 놀랍지만...목표주가↓"" -SK증권"
398,"""삼성생명 or 삼성SDS?"" 이건희 떠나보낸 삼성…주가 향방은"
399,"엑세스바이오‧진원생명과학, 엇갈리는 주가 여전…특히 엑세스바이오 가파른 하락세로 5% 낙폭"
400,"'이건희 별세' 삼성전자 주가 향방은?…""영향 제한적일 것"""
401,"옵티머스 벗고 사상 최대 실적 낸 NH투자증권, 주가도 '환호'"
402,[표]유럽 주요기업 주가(10/28)
403,"[이건희 별세]“주가 50배, 시총 500배 성장” 눈부신 성장 주도"
404,"셀트리온, 주가 미스터리… '백약이 무효'"
405,"삼부토건 주가 초반 급등, 이낙연 동생 이계연의 대표이사 선임 부각"
406,"빅히트, 주가하락 이끈 3~4대주주"
407,"[긴급분석] ""국민연금 LG화학 '물적분할' 반대"", 주가에 어떤 영향?...서스틴베스트도 '반대'"
408,"삼성SDS 주가 2%대 밀려, 삼성전기 1%대 내리고 삼성SDI는 제자리"
409,"삼성전자 주가 '외국인 매도'에 하락, SK하이닉스는 약간 상승"
410,"삼성SDS 주가 2%대 밀려, 삼성전기 1%대 내리고 삼성SDI는 제자리"
411,"삼성전자 주가 '외국인 매도'에 하락, SK하이닉스는 약간 상승"
412,"[이건희 별세] 삼성전자 주가 향방은?…""영향 제한적"""
413,<뉴욕마켓워치> 코로나19 재유행 불안…주가 혼조·국채↑달러↓
414,"녹십자엠에스·녹십자랩셀, 지지부진한 주가…특히 녹십자랩셀 1% 하락"
415,"[현대차 3.4조 충당금]상승세 달리던 주가 뒷걸음...""악재 뚫는 계기 될수도"""
416,"비트코인 1470만 원대 유지, 가상화폐 시세와 테마기업 주가 '하락'"
417,LG화학 사상 최대 실적에 주가도 ‘활짝’
418,"윤석열 관련주 서연‧모베이스전자, 지지부진한 주가…모두 소폭 상승"
419,‘닛케이 225 편입’ 넥슨 주가 하루만에 17% 급등
420,[이건희 별세] 삼성그룹株 '배당 강화' 현실로?...상속세 마련 가능성에 주가 '들썩'
421,빅히트 대량 매도 물량 끝?…상장 엿새 만에 주가 반등(종합)
422,"""NH투자증권, 옵티머스로 주가 저평가...목표가↑"" -삼성증권"
423,"K방역으로 주가 올린 대한민국, 사망 속출 백신으로 추락하나"
424,"제넥신·진원생명과학, 엇갈리는 주가…특히 제넥신 가파른 하락세로 5% 낙폭"
425,"""SK하이닉스 낙수효과 여부 주목""...SK머티리얼즈, '장중 주가 강세'"
426,[특징주] 美 배터리 소송 최종 판결 연기에 LG화학·SK이노베이션 주가 엇갈려
427,"구글, 美정부 반독점 소송에도 주가는 올랐다…왜?"
428,"""中 비대면 의료 시대 선두주자""…알리건강, 주가 힘받네"
429,[특징주] 쌍용양회우 '내달 16일 강제 소각' 주가 급등
430,"현대모비스, 3Q 기대 웃돈 실적에도 주가 약세"
431,"삼성카드 목표주가 높아져, ""적극적 영업전략으로 양호한 실적 지속"""
432,"셀트리온3사 주가 다 올라, SK바이오팜 삼성바이오로직스도 상승"
433,"""삼성카드, 주가 낮아졌지만 실적 오히려 개선...투자 적합"" -SK증권"
434,"3분기 '호실적' 평가에...신한금융지주, '장중 주가 급등'"
435,"[베타 투자리포트] 골프존, '신규 출점' 주가에 긍정적...목표가↑"
436,애플 29일 실적 발표…글로벌 IB 목표주가 시세보다 5%↑
437,"아남전자 주가 막판 급등, 삼성전자의 하만에 부품 납품 부각"
438,"효성티앤씨 목표주가 높아져, “코로나19에 스판덱스 수요 늘어 수혜”"
439,"CJ대한통운 주가 상승 가능, ""소형택배 분류 자동화로 수익성 좋아져"""
440,"[채널Who] 대신증권 주가 코로나19 전으로, 오익근 라임 딛고 리츠로"
441,"이건희 별세 삼성전자 주가 ""영향 제한적...배당 확대 가능성"""
442,빅히트 주가 급락이 남긴 교훈…‘묻지마 투자’ 금물
443,"대성파인텍 에스와이 주가 장중 급등, 지붕 태양광발전 관련 회사 주목받아"
444,"이노션, 4분기 성장 전망...지속적 주가 반등 예상 ‘목표가↑’-신한금융투자"
445,넥슨 日 '닛케이225' 주가지수 편입…주가 급등
446,"""SK하이닉스, 인텔 메모리 사업부 인수 주가엔 중립적"""
447,"기아차, 디자인 승리로 사상 최대 실적... 주가 이틀째 상승"
448,"[뉴욕증시] 이미지 공유 플랫폼 핀터레스트, 사용자 급증에 주가 25% 폭등"
449,"""NH투자증권, 손실 가능성 해소하는 깜짝 실적··· 목표주가↑"" [키움증권]"
450,"아스트라제네카 효과?...SK케미칼 · 진매트릭스, '장중 주가 강세'"
451,"NH투자증권, 3분기 실적 양호…주가 저평가-한국"
452,"[iTN] 셀트리온, 주가 하락은 오히려 저가 매수 기회-SK證"
453,17만원도 무너진 빅히트…증권사 주가 전망 16만원 vs 38만원
454,[기관 매집 동향] GS건설 2.54% 매수…같은 기간 주가 21.7%↑
455,"휴젤 목표주가 높아져, ""보툴리눔톡신 중국진출로 실적증가 전망"""
456,"“POSCO, 철강업황은 업 사이클 국면 진입. 향후 주가도 우상향 예상”"
457,"고용진 ""수은, KAI 주가하락에 작년 4천455억 손실"""
458,"코리안리, 주가부양 '숨고르기'…자사주 추가 매입 없을 듯"
459,"일라이릴리 ""코로나 항체치료제, 환자에 도움될 것""…주가는 급락"
460,홍남기 때문에 주가 하락? 남기락 공포에 개미들 이달 8400억 매도
461,[이건희 회장 별세]삼성전자 주가 오를까? 내릴까?…증권 전문가들 “큰 영향 없을 듯”
462,우리금융지주 주가 바닥쳤나?...자회사 인수효과 기대
463,뜻밖의 '코로나 수혜주'…화상미팅 늘자 주가 34% 폭등한 곳이
464,실적은 더 좋아졌는데 주가는 시큰둥한 이유[독점 UBS리포트]
465,"[클릭 e종목]""포스코, 3분기 '어닝 서프라이즈'…주가 우상향 기대"""
466,"상장 첫날 설움 극복한 피플바이오, 일주일새 주가 쑥"
467,"HMM 주가 닻 올렸는데, 팬오션은 언제 회복될까"
468,"삼성바이오로직스, '주가 70만원' 회복하나"
469,"배터리 대장주들, 최대 실적에도 주가 지지부진 왜"
470,"아모레퍼시픽, 브랜드 경쟁력 고민…단기 주가는 기지개-메리츠"
471,빅히트 주가 추락 ‘주범(?)’ 메인스톤의 정체는?
472,"셀트리온3사 삼성바이오로직스 주가 올라, SK바이오팜은 제자리"
473,"“휠라홀딩스, 골프 호황에 실적 점프할 것”…목표주가 상향"
474,"'이건희 회장 별세' 삼성전자 주가 전망은?...전문가들 ""변동성 미미할 듯"""
475,국민연금이 반대한 LG화학 `배터리 분사`…주가는 혼조세
476,"씨에스윈드 주가 상승 예상, ""터빈시스템 부품으로 사업 확장"""
477,"""실물에 디커플링 된 주가…자원 배분 왜곡 우려"""
478,"한국證 “삼성전자 지배력 유지, 큰 변화 없을 듯…주가 긍정적”"
479,"현대미포조선, 바닥 도달한 주가 `수주 회복` 기대…목표가↓-NH"
480,지배구조·상속세 이슈 많지만…삼성그룹 주가 변동성 크지 않을 듯
481,"""빅히트 주가 부진, 실적 과소 추정 지나친 탓"""
482,테슬라 주가 왜 이러나.. 실적발표 앞두고 최장기간 하락
483,[ET] ‘포스트 이건희’ 지배 구조는? 주가 동향도 관심
484,[기관 매도 동향] 경동제약 4.36% 매도…같은 기간 주가 16.5%↓
485,"NH투자증권, 옵티머스 우려가 과도하게 주가에 반영…‘목표가↑’-키움증권"
486,"현대·기아차, 3.4조 '빅배스'에도 담담....""주가 충격 제한적"""
487,배당 기대에 주가 올랐지만…삼성 경영권 위협 노출
488,[단독] 삼부토건 주가 3개월 새 3배 폭등… ‘ 대선株’?
489,'PER 850배'…테슬라 주가는 더 오를 것인가 [김현석의 월스트리트나우]
490,"인텔 3분기 실적 부진, 주가도 '휘청'"
491,"""하나투어 주가 상승 쉽지 않아"", 코로나19로 유동성 위기 가능성"
492,"""하나투어, 주가 더빠진다…1년內 유동성 문제 불거질 수도"""
493,[오늘의 목표주가]삼성SDI·현대제철·휴비츠 '실적 모멘텀'...눈높이 'UP'
494,"HDC현대산업개발 주가상승 가능, ""분양 확대로 내년부터 실적 늘어"""
495,"[이건희 회장 별세]삼성전자 주가 향방은…""큰 영향 없을 것"""
496,주가희석 부르는 유증 잇따르는데…쏙 빠지는 대주주 '도마'
497,"현대미포조선, 수주 순항…주가 '뱃고동'"
498,"기아차 현대차 주가 초반 상승, 품질 충담금 뒤 실적 기대 커져"
499,삼성물산 주가 전거래일보다 13.46% 상승... '후계구도 영향' 삼성 관련주 출렁
